[{"model": "order.recv", "pk": 621, "fields": {"recv_code": "00", "recv_addr": "\u516c\u53f8\u603b\u90e8", "is_watch": false, "status": "normal"}}, {"model": "order.recv", "pk": 622, "fields": {"recv_code": "02", "recv_addr": "\u8fbd\u5b81\u76d8\u9526\u5f20\u4e39\u65b0\u739b\u7279\u5e97", "is_watch": false, "status": "normal"}}, {"model": "order.recv", "pk": 623, "fields": {"recv_code": "08", "recv_addr": "\u5c71\u897f\u8fd0\u57ce\u674e\u6b23\u7136\u6c83\u5c14\u739b\u5e97", "is_watch": false, "status": "normal"}}, {"model": "order.recv", "pk": 624, "fields": {"recv_code": "12", "recv_addr": "\u9655\u897f\u897f\u5b89\u5357\u5927\u8857\u91d1\u82b1\u5e97", "is_watch": false, "status": "normal"}}, {"model": "order.recv", "pk": 625, "fields": {"recv_code": "13", "recv_addr": "\u5c71\u4e1c\u6d4e\u5b81\u738b\u9ece\u660e\u8fd0\u6cb3\u57ce\u5e97", "is_watch": false, "status": "normal"}}, {"model": "order.recv", "pk": 626, "fields": {"recv_code": "16", "recv_addr": "\u9655\u897f\u6e2d\u5357\u4e8e\u7f57\u9759\u4e07\u8fbe\u5e97", "is_watch": false, "status": "normal"}}, {"model": "order.recv", "pk": 627, "fields": {"recv_code": "18", "recv_addr": "\u9655\u897f\u897f\u5b89\u5927\u5510\u897f\u5e02\u5e97", "is_watch": false, "status": "normal"}}, {"model": "order.recv", "pk": 628, "fields": {"recv_code": "19", "recv_addr": "\u8fbd\u5b81\u5927\u8fde\u5f00\u53d1\u533a\u4e07\u8fbe\u5e97", "is_watch": false, "status": "normal"}}, {"model": "order.recv", "pk": 629, "fields": {"recv_code": "20", "recv_addr": "\u8fbd\u5b81\u6c88\u9633\u592a\u539f\u8857\u4e07\u8fbe\u5e97", "is_watch": false, "status": "normal"}}, {"model": "order.recv", "pk": 630, "fields": {"recv_code": "24", "recv_addr": "\u5b89\u5fbd\u5408\u80a5\u4e07\u8c61\u57ce\u5e97", "is_watch": false, "status": "normal"}}, {"model": "order.recv", "pk": 631, "fields": {"recv_code": "25", "recv_addr": "\u6c5f\u82cf\u5e38\u5dde\u738b\u68a6\u4e91", "is_watch": false, "status": "normal"}}, {"model": "order.recv", "pk": 632, "fields": {"recv_code": "28", "recv_addr": "\u56db\u5ddd\u6210\u90fd\u6765\u798f\u58eb\u5e97", "is_watch": false, "status": "normal"}}, {"model": "order.recv", "pk": 633, "fields": {"recv_code": "29", "recv_addr": "\u5929\u6d25\u7231\u7434\u6d77\u5e97", "is_watch": false, "status": "normal"}}, {"model": "order.recv", "pk": 634, "fields": {"recv_code": "30", "recv_addr": "\u5317\u4eac\u8d75\u4e9a\u5229\u957f\u6979\u5929\u8857\u5e97", "is_watch": false, "status": "normal"}}, {"model": "order.recv", "pk": 635, "fields": {"recv_code": "31", "recv_addr": "\u5317\u4eac\u8d75\u4e9a\u5229\u5927\u60a6\u57ce\u5e97", "is_watch": false, "status": "normal"}}, {"model": "order.recv", "pk": 636, "fields": {"recv_code": "32", "recv_addr": "\u6c5f\u82cf\u82cf\u5dde\u5f90\u4e3d\u534e", "is_watch": false, "status": "normal"}}, {"model": "order.recv", "pk": 637, "fields": {"recv_code": "33", "recv_addr": "\u8fbd\u5b81\u5f70\u6b66\u738b\u8273\u4e3d\u9f0e\u4fe1\u5546\u53a6\u5e97", "is_watch": false, "status": "normal"}}, {"model": "order.recv", "pk": 638, "fields": {"recv_code": "34", "recv_addr": "\u8fbd\u5b81\u6d77\u57ce\u8463\u4e3d\u4e3d\u5927\u6da6\u53d1\u5e97", "is_watch": false, "status": "normal"}}, {"model": "order.recv", "pk": 639, "fields": {"recv_code": "35", "recv_addr": "\u8fbd\u5b81\u6c88\u9633\u79ef\u5bb6\u8d2d\u7269\u4e2d\u5fc3\u5e97", "is_watch": false, "status": "normal"}}, {"model": "order.recv", "pk": 640, "fields": {"recv_code": "36", "recv_addr": "\u9655\u897f\u897f\u5b89\u5174\u6b63\u5143\u6c11\u751f\u5e97", "is_watch": false, "status": "normal"}}, {"model": "order.recv", "pk": 641, "fields": {"recv_code": "37", "recv_addr": "\u5c71\u4e1c\u9752\u5c9b\u8881\u5a9b\u4e07\u8fbe\u5e97", "is_watch": false, "status": "normal"}}, {"model": "order.recv", "pk": 642, "fields": {"recv_code": "38", "recv_addr": "\u8fbd\u5b81\u5927\u8fde\u9ad8\u65b0\u533a\u4e07\u8fbe\u5e97", "is_watch": false, "status": "normal"}}, {"model": "order.recv", "pk": 643, "fields": {"recv_code": "39", "recv_addr": "\u8fbd\u5b81\u5927\u8fde\u5b59\u6676\u8f89\u7518\u4e95\u5b50\u4e07\u8fbe\u5e97", "is_watch": false, "status": "normal"}}, {"model": "order.recv", "pk": 644, "fields": {"recv_code": "40", "recv_addr": "\u5317\u4eac\u671d\u9633\u60a0\u5510\u5e97", "is_watch": false, "status": "normal"}}, {"model": "order.recv", "pk": 645, "fields": {"recv_code": "41", "recv_addr": "\u9655\u897f\u897f\u5b89\u674e\u5bb6\u6751\u4e07\u8fbe\u5e97", "is_watch": false, "status": "normal"}}, {"model": "order.recv", "pk": 646, "fields": {"recv_code": "42", "recv_addr": "\u6c5f\u82cf\u5357\u4eac\u9f13\u697c\u65b0\u767e\u5e97", "is_watch": false, "status": "normal"}}, {"model": "order.recv", "pk": 647, "fields": {"recv_code": "44", "recv_addr": "\u6c5f\u82cf\u5357\u4eac\u5efa\u90ba\u4e07\u8fbe\u5e97", "is_watch": false, "status": "normal"}}, {"model": "order.recv", "pk": 648, "fields": {"recv_code": "45", "recv_addr": "\u5409\u6797\u56db\u5e73\u674e\u4e3d\u971e\u94c1\u4e1c\u4e07\u8fbe\u5e97", "is_watch": false, "status": "normal"}}, {"model": "order.recv", "pk": 649, "fields": {"recv_code": "46", "recv_addr": "\u6c5f\u82cf\u5e38\u5dde\u6b66\u8fdb\u4e07\u8fbe\u5e97", "is_watch": false, "status": "normal"}}, {"model": "order.recv", "pk": 650, "fields": {"recv_code": "48", "recv_addr": "\u5185\u8499\u53e4\u901a\u8fbd\u9648\u4e3d\u4e07\u8fbe\u5e97", "is_watch": false, "status": "normal"}}, {"model": "order.recv", "pk": 651, "fields": {"recv_code": "49", "recv_addr": "\u5317\u4eac\u5927\u5174\u9f99\u6e56\u5929\u8857\u5e97", "is_watch": false, "status": "normal"}}, {"model": "order.recv", "pk": 652, "fields": {"recv_code": "50", "recv_addr": "\u6cb3\u5357\u9ec4\u708e\u7acb\u8bb8\u660c\u65b0\u739b\u7279\u5e97", "is_watch": false, "status": "normal"}}, {"model": "order.recv", "pk": 653, "fields": {"recv_code": "51", "recv_addr": "\u8fbd\u5b81\u6c88\u9633\u738b\u8f76\u8c6b\u5317\u4e00\u8def\u4e07\u8fbe\u5e97", "is_watch": false, "status": "normal"}}, {"model": "order.recv", "pk": 654, "fields": {"recv_code": "52", "recv_addr": "\u8fbd\u5b81\u6c88\u9633\u674e\u4e3d\u971e\u4e2d\u5174\u5546\u57ce\u5e97", "is_watch": false, "status": "normal"}}, {"model": "order.recv", "pk": 655, "fields": {"recv_code": "53", "recv_addr": "\u6cb3\u5357\u5b89\u9633\u674e\u8273\u5a1c\u4e07\u8fbe\u5e97", "is_watch": false, "status": "normal"}}, {"model": "order.recv", "pk": 656, "fields": {"recv_code": "54", "recv_addr": "\u5c71\u897f\u592a\u539f\u9a6c\u5229\u82ac\u94dc\u9523\u6e7e\u5e97", "is_watch": false, "status": "normal"}}, {"model": "order.recv", "pk": 657, "fields": {"recv_code": "55", "recv_addr": "\u5ef6\u8fb9\u84dd\u5929\u5546\u8d38\u901a\u5316\u6b27\u4e9a\u5e97", "is_watch": false, "status": "normal"}}, {"model": "order.recv", "pk": 658, "fields": {"recv_code": "57", "recv_addr": "\u9655\u897f\u897f\u5b89\u51e4\u57ce\u4e94\u8def\u91d1\u82b1\u5e97", "is_watch": false, "status": "normal"}}, {"model": "order.recv", "pk": 659, "fields": {"recv_code": "58", "recv_addr": "\u8fbd\u5b81\u76d8\u9526\u4e07\u8fbe\u5e97", "is_watch": false, "status": "normal"}}, {"model": "order.recv", "pk": 660, "fields": {"recv_code": "59", "recv_addr": "\u8fbd\u5b81\u8425\u53e3\u674e\u663e\u8363\u9c85\u9c7c\u5708\u4e07\u8fbe\u5e97", "is_watch": false, "status": "normal"}}, {"model": "order.recv", "pk": 661, "fields": {"recv_code": "60", "recv_addr": "\u8fbd\u5b81\u4e39\u4e1c\u9a6c\u7b60\u9752\u4e07\u8fbe\u5e97", "is_watch": false, "status": "normal"}}, {"model": "order.recv", "pk": 662, "fields": {"recv_code": "61", "recv_addr": "\u5317\u4eac\u5168\u8272\u5f69\u5929\u6d25\u5858\u6cbd\u4e1c\u65b9\u5e97", "is_watch": false, "status": "normal"}}, {"model": "order.recv", "pk": 663, "fields": {"recv_code": "63", "recv_addr": "\u6cb3\u5357\u9ec4\u708e\u7acb\u90d1\u5dde\u4e8c\u4e03\u4e07\u8fbe\u5e97", "is_watch": false, "status": "normal"}}, {"model": "order.recv", "pk": 664, "fields": {"recv_code": "64", "recv_addr": "\u5409\u6797\u957f\u6625\u674e\u4e3d\u971e\u7ea2\u65d7\u8857\u4e07\u8fbe\u5e97", "is_watch": false, "status": "normal"}}, {"model": "order.recv", "pk": 665, "fields": {"recv_code": "65", "recv_addr": "\u7518\u8083\u660e\u5764\u5546\u8d38\u5170\u5dde\u65b0\u4e16\u754c\u5e97", "is_watch": false, "status": "normal"}}, {"model": "order.recv", "pk": 666, "fields": {"recv_code": "66", "recv_addr": "\u9ed1\u9f99\u6c5f\u54c8\u5c14\u6ee8\u674e\u4e3d\u971e\u6749\u6749\u5965\u7279\u83b1\u65af\u5e97", "is_watch": false, "status": "normal"}}, {"model": "order.recv", "pk": 667, "fields": {"recv_code": "67", "recv_addr": "\u9ed1\u9f99\u6c5f\u9f50\u9f50\u54c8\u5c14\u8d75\u5b88\u521a\u65b0\u739b\u7279\u5e97", "is_watch": false, "status": "normal"}}, {"model": "order.recv", "pk": 668, "fields": {"recv_code": "69", "recv_addr": "\u56db\u5ddd\u4e50\u5c71\u4e07\u8fbe\u5e7f\u573a\u5e97", "is_watch": false, "status": "normal"}}, {"model": "order.recv", "pk": 669, "fields": {"recv_code": "70", "recv_addr": "\u6c88\u9633\u94c1\u897f\u9ad8\u654f\u5174\u9686\u5927\u5929\u5730\u5e97", "is_watch": false, "status": "normal"}}, {"model": "order.recv", "pk": 670, "fields": {"recv_code": "71", "recv_addr": "\u6cb3\u5357\u4e09\u95e8\u5ce1\u4faf\u84d3\u84d3\u4e07\u8fbe\u5e97", "is_watch": false, "status": "normal"}}, {"model": "order.recv", "pk": 671, "fields": {"recv_code": "72", "recv_addr": "\u9655\u897f\u54b8\u9633\u738b\u5c0f\u71d5\u8d22\u5bcc\u5e7f\u573a\u5e97", "is_watch": false, "status": "normal"}}, {"model": "order.recv", "pk": 672, "fields": {"recv_code": "73", "recv_addr": "\u6cb3\u5357\u9ec4\u708e\u7acb\u9a7b\u9a6c\u5e97\u4e50\u5c71\u5546\u573a\u5e97", "is_watch": false, "status": "normal"}}, {"model": "order.recv", "pk": 673, "fields": {"recv_code": "74", "recv_addr": "\u6cb3\u5357\u90d1\u5dde\u5f20\u6f47\u60e0\u6d4e\u4e07\u8fbe\u5e97", "is_watch": false, "status": "normal"}}, {"model": "order.recv", "pk": 674, "fields": {"recv_code": "75", "recv_addr": "\u9ed1\u9f99\u6c5f\u5927\u5e86\u767e\u8d27\u5927\u697c\u5e97", "is_watch": false, "status": "normal"}}, {"model": "order.recv", "pk": 675, "fields": {"recv_code": "76", "recv_addr": "\u5b89\u5fbd\u5bbf\u5dde\u8096\u5218\u5f71\u4e07\u8fbe\u5e97", "is_watch": false, "status": "normal"}}, {"model": "order.recv", "pk": 676, "fields": {"recv_code": "77", "recv_addr": "\u5317\u4eac\u5143\u666f\u6052\u6cf0\u5e7f\u573a\u5e97", "is_watch": false, "status": "normal"}}, {"model": "order.recv", "pk": 677, "fields": {"recv_code": "78", "recv_addr": "\u5317\u4eac\u5143\u666f\u56fd\u745e\u57ce\u5e97", "is_watch": false, "status": "normal"}}, {"model": "order.recv", "pk": 678, "fields": {"recv_code": "79", "recv_addr": "\u5317\u4eac\u5143\u666f\u5929\u6d25\u548c\u5e73\u5927\u60a6\u57ce\u5e97", "is_watch": false, "status": "normal"}}, {"model": "order.recv", "pk": 679, "fields": {"recv_code": "80", "recv_addr": "\u5317\u4eac\u4e30\u53f0\u4e07\u8fbe\u5e97", "is_watch": false, "status": "normal"}}, {"model": "order.recv", "pk": 680, "fields": {"recv_code": "82", "recv_addr": "\u6cb3\u5357\u9ec4\u708e\u7acb\u6f2f\u6cb3\u660c\u5efa\u5e7f\u573a\u5e97", "is_watch": false, "status": "normal"}}, {"model": "order.recv", "pk": 681, "fields": {"recv_code": "83", "recv_addr": "\u8fbd\u5b81\u6c88\u9633\u738b\u6653\u73b2\u5174\u9686\u5927\u90fd\u4f1a\u5e97", "is_watch": false, "status": "normal"}}, {"model": "order.recv", "pk": 682, "fields": {"recv_code": "84", "recv_addr": "\u6cb3\u5357\u9ec4\u708e\u7acb\u5546\u4e18\u65b0\u739b\u7279\u5e97", "is_watch": false, "status": "normal"}}, {"model": "order.recv", "pk": 683, "fields": {"recv_code": "85", "recv_addr": "\u9ed1\u9f99\u6c5f\u54c8\u5c14\u6ee8\u674e\u4e3d\u971e\u897f\u57ce\u7ea2\u573a\u5e97", "is_watch": false, "status": "normal"}}, {"model": "order.recv", "pk": 684, "fields": {"recv_code": "86", "recv_addr": "\u9655\u897f\u54b8\u9633\u738b\u5c0f\u71d5\u4e07\u8fbe\u5e7f\u573a\u5e97", "is_watch": false, "status": "normal"}}, {"model": "order.recv", "pk": 685, "fields": {"recv_code": "87", "recv_addr": "\u5c71\u4e1c\u6ee8\u5dde\u5f20\u9759\u4e07\u8fbe\u5e97", "is_watch": false, "status": "normal"}}, {"model": "order.recv", "pk": 686, "fields": {"recv_code": "88", "recv_addr": "\u5317\u4eac\u69d0\u623f\u4e07\u8fbe\u674e\u9759", "is_watch": false, "status": "normal"}}, {"model": "order.recv", "pk": 687, "fields": {"recv_code": "89", "recv_addr": "\u8fbd\u5b81\u76d8\u9526\u5f20\u4e39\u5174\u9686\u5927\u53a6\u5e97", "is_watch": false, "status": "normal"}}, {"model": "order.recv", "pk": 688, "fields": {"recv_code": "90", "recv_addr": "\u6c88\u9633\u5c1a\u683c\u5546\u8d38\u8425\u53e3\u8d22\u5bcc\u5e7f\u573a\u5e97", "is_watch": false, "status": "normal"}}, {"model": "order.recv", "pk": 689, "fields": {"recv_code": "91", "recv_addr": "\u6d59\u6c5f\u7ecd\u5174\u6c88\u98de\u71d5\u4e07\u548c\u57ce\u5e97", "is_watch": false, "status": "normal"}}, {"model": "order.recv", "pk": 690, "fields": {"recv_code": "92", "recv_addr": "\u5b9d\u9e21\u5929\u4fea\u5546\u8d38\u94f6\u5ea7\u5e97", "is_watch": false, "status": "normal"}}, {"model": "order.recv", "pk": 691, "fields": {"recv_code": "93", "recv_addr": "\u8fbd\u5b81\u6c88\u9633\u674e\u4e3d\u971e\u4e2d\u8857\u6052\u9686\u5e97", "is_watch": false, "status": "normal"}}, {"model": "order.recv", "pk": 692, "fields": {"recv_code": "94", "recv_addr": "\u9655\u897f\u897f\u5b89\u5c0f\u5be8\u8d5b\u683c\u5e97", "is_watch": false, "status": "normal"}}, {"model": "order.recv", "pk": 693, "fields": {"recv_code": "95", "recv_addr": "\u8fbd\u5b81\u6c88\u9633\u5927\u4e1c\u9f99\u4e4b\u68a6\u5e97", "is_watch": false, "status": "normal"}}, {"model": "order.recv", "pk": 694, "fields": {"recv_code": "96", "recv_addr": "\u7518\u8083\u660e\u5764\u5546\u8d38\u94f6\u5ddd\u65b0\u534e\u767e\u8d27\u5e97", "is_watch": false, "status": "normal"}}, {"model": "order.recv", "pk": 695, "fields": {"recv_code": "97", "recv_addr": "\u6cb3\u5357\u5f00\u5c01\u7530\u7545\u65b0\u5929\u5730\u5e97", "is_watch": false, "status": "normal"}}, {"model": "order.recv", "pk": 696, "fields": {"recv_code": "98", "recv_addr": "\u6cb3\u5357\u9ec4\u708e\u7acb\u90d1\u5dde\u7199\u5730\u6e2f\u5e97", "is_watch": false, "status": "normal"}}, {"model": "order.recv", "pk": 697, "fields": {"recv_code": "99", "recv_addr": "\u6cb3\u5357\u6d1b\u9633\u4faf\u84d3\u84d3\u5357\u82d1\u8def\u5e97", "is_watch": false, "status": "normal"}}, {"model": "order.recv", "pk": 698, "fields": {"recv_code": "A0", "recv_addr": "\u6cb3\u5357\u6d1b\u9633\u82d7\u71d5\u5efa\u90ba\u5e97", "is_watch": false, "status": "normal"}}, {"model": "order.recv", "pk": 699, "fields": {"recv_code": "A1", "recv_addr": "\u8fbd\u5b81\u8425\u53e3\u8463\u4e3d\u4e3d\u5927\u77f3\u6865\u5174\u9686\u5e97", "is_watch": false, "status": "normal"}}, {"model": "order.recv", "pk": 700, "fields": {"recv_code": "A2", "recv_addr": "\u5c71\u897f\u8fd0\u57ce\u674e\u6b23\u7136\u534e\u66e6\u5e97", "is_watch": false, "status": "normal"}}, {"model": "order.recv", "pk": 701, "fields": {"recv_code": "A3", "recv_addr": "\u5c71\u4e1c\u9752\u5c9b\u5e73\u5e97\u5e02\u51b7\u751c\u751c", "is_watch": false, "status": "normal"}}, {"model": "order.recv", "pk": 702, "fields": {"recv_code": "A4", "recv_addr": "\u5c71\u897f\u592a\u539f\u674e\u6a21\u4e07\u8fbe\u5e97", "is_watch": false, "status": "normal"}}, {"model": "order.recv", "pk": 703, "fields": {"recv_code": "A5", "recv_addr": "\u8fbd\u5b81\u6c88\u9633\u738b\u8f76\u8c6b\u661f\u6469\u5c14\u5e97", "is_watch": false, "status": "normal"}}, {"model": "order.recv", "pk": 704, "fields": {"recv_code": "A6", "recv_addr": "\u9655\u897f\u897f\u5b89\u6c6a\u6797\u82f1\u4e07\u8c61\u57ce\u5e97", "is_watch": false, "status": "normal"}}, {"model": "order.recv", "pk": 705, "fields": {"recv_code": "A7", "recv_addr": "\u5c71\u897f\u4e34\u6c7e\u674e\u6b23\u7136\u751f\u9f99\u56fd\u9645\u5e97", "is_watch": false, "status": "normal"}}, {"model": "order.recv", "pk": 706, "fields": {"recv_code": "A8", "recv_addr": "\u8fbd\u5b81\u6d77\u57ce\u8463\u4e3d\u4e3d\u897f\u67f3\u5546\u8d38\u57ce\u5e97", "is_watch": false, "status": "normal"}}, {"model": "order.recv", "pk": 707, "fields": {"recv_code": "A9", "recv_addr": "\u8fbd\u5b81\u8425\u53e3\u7b26\u58ee\u4e07\u8fbe\u5e97", "is_watch": false, "status": "normal"}}, {"model": "order.recv", "pk": 708, "fields": {"recv_code": "AA", "recv_addr": "\u8fbd\u5b81\u6c88\u9633\u7b26\u58ee\u4e2d\u8857\u65b0\u739b\u7279\u5e97", "is_watch": false, "status": "normal"}}, {"model": "order.recv", "pk": 709, "fields": {"recv_code": "AB", "recv_addr": "\u8fbd\u5b81\u978d\u5c71\u7b26\u58ee\u94c1\u4e1c\u767e\u8d27\u5e97", "is_watch": false, "status": "normal"}}, {"model": "order.recv", "pk": 710, "fields": {"recv_code": "AC", "recv_addr": "\u8fbd\u5b81\u6c88\u9633\u7b26\u58ee\u4e2d\u8857\u5174\u9686\u5e97", "is_watch": false, "status": "normal"}}, {"model": "order.recv", "pk": 711, "fields": {"recv_code": "AD", "recv_addr": "\u6cb3\u5357\u90d1\u5dde\u5f20\u6f47\u9526\u827a\u57ce\u5e97", "is_watch": false, "status": "normal"}}, {"model": "order.recv", "pk": 712, "fields": {"recv_code": "AE", "recv_addr": "\u5317\u4eac\u5927\u5174\u5b9c\u5bb6\u5e97", "is_watch": false, "status": "normal"}}, {"model": "order.recv", "pk": 713, "fields": {"recv_code": "AF", "recv_addr": "\u8fbd\u5b81\u6c88\u9633\u7b26\u58ee\u4e50\u5929\u767e\u8d27\u5e97", "is_watch": false, "status": "normal"}}, {"model": "order.recv", "pk": 714, "fields": {"recv_code": "AH", "recv_addr": "\u5317\u4eac\u901a\u5dde\u4e07\u8fbe\u5218\u6d0b", "is_watch": false, "status": "normal"}}, {"model": "order.recv", "pk": 715, "fields": {"recv_code": "AI", "recv_addr": "\u5317\u4eac\u5168\u8272\u5f69\u5929\u6d25\u5858\u6cbd\u91d1\u5143\u5b9d\u5e97", "is_watch": false, "status": "normal"}}, {"model": "order.recv", "pk": 716, "fields": {"recv_code": "AJ", "recv_addr": "\u8fbd\u5b81\u6c88\u9633\u738b\u5065\u5174\u9686\u5965\u83b1\u5e97", "is_watch": false, "status": "normal"}}, {"model": "order.recv", "pk": 717, "fields": {"recv_code": "AK", "recv_addr": "\u5c71\u4e1c\u70df\u53f0\u767d\u6653\u8339\u767e\u76db\u5e97", "is_watch": false, "status": "normal"}}, {"model": "order.recv", "pk": 718, "fields": {"recv_code": "AL", "recv_addr": "\u5c71\u897f\u664b\u57ce\u738b\u76ca\u9752", "is_watch": false, "status": "normal"}}, {"model": "order.recv", "pk": 719, "fields": {"recv_code": "AM", "recv_addr": "\u8fbd\u5b81\u6c88\u9633\u7f57\u65ed\u8d5b\u7279\u5965\u83b1\u5e97", "is_watch": false, "status": "normal"}}, {"model": "order.recv", "pk": 720, "fields": {"recv_code": "AN", "recv_addr": "\u6cb3\u5357\u9ec4\u708e\u7acb\u8bb8\u660c360\u5e97", "is_watch": false, "status": "normal"}}, {"model": "order.recv", "pk": 721, "fields": {"recv_code": "AO", "recv_addr": "\u5185\u8499\u53e4\u547c\u4f26\u8d1d\u5c14\u5f90\u8f89", "is_watch": false, "status": "normal"}}, {"model": "order.recv", "pk": 722, "fields": {"recv_code": "AP", "recv_addr": "\u6cb3\u5357\u6d1b\u9633\u82d7\u71d5\u4e07\u8fbe\u5e97", "is_watch": false, "status": "normal"}}, {"model": "order.recv", "pk": 723, "fields": {"recv_code": "AQ", "recv_addr": "\u6cb3\u5357\u6d1b\u9633\u82d7\u71d5\u738b\u5e9c\u4e95\u5e97", "is_watch": false, "status": "normal"}}, {"model": "order.recv", "pk": 724, "fields": {"recv_code": "AR", "recv_addr": "\u56db\u5ddd\u6210\u90fd\u5a1c\u9ed1\u739b\u5927\u60a6\u57ce\u5e97", "is_watch": false, "status": "normal"}}, {"model": "order.recv", "pk": 725, "fields": {"recv_code": "AS", "recv_addr": "\u4e1c\u5317\u533a", "is_watch": false, "status": "normal"}}, {"model": "order.recv", "pk": 726, "fields": {"recv_code": "AT", "recv_addr": "\u534e\u4e1c\u533a", "is_watch": false, "status": "normal"}}, {"model": "order.recv", "pk": 727, "fields": {"recv_code": "AU", "recv_addr": "\u897f\u5357\u533a", "is_watch": false, "status": "normal"}}, {"model": "order.recv", "pk": 728, "fields": {"recv_code": "AV", "recv_addr": "\u897f\u5b89\u8d5b\u683c\u5e97\u94fa2", "is_watch": false, "status": "normal"}}, {"model": "order.recv", "pk": 729, "fields": {"recv_code": "AW", "recv_addr": "\u5317\u4eac\u5143\u666f\u5929\u8679\u5546\u573a\u5e97", "is_watch": false, "status": "normal"}}, {"model": "order.recv", "pk": 730, "fields": {"recv_code": "AX", "recv_addr": "\u9ed1\u9f99\u6c5f\u54c8\u5c14\u6ee8\u674e\u4e3d\u971e\u4e07\u8fbe\u8302\u5e97", "is_watch": false, "status": "normal"}}, {"model": "order.recv", "pk": 731, "fields": {"recv_code": "AY", "recv_addr": "\u9ed1\u9f99\u6c5f\u54c8\u5c14\u6ee8\u674e\u4e3d\u971e\u9999\u574a\u4e07\u8fbe\u5e97", "is_watch": false, "status": "normal"}}, {"model": "order.recv", "pk": 732, "fields": {"recv_code": "AZ", "recv_addr": "\u5317\u4eac\u5143\u666f\u77f3\u666f\u5c71\u5e97", "is_watch": false, "status": "normal"}}, {"model": "order.recv", "pk": 733, "fields": {"recv_code": "B0", "recv_addr": "\u6cb3\u5357\u9ec4\u708e\u7acb\u7126\u4f5c\u89e3\u653e\u533a\u4e07\u8fbe\u5e97", "is_watch": false, "status": "normal"}}, {"model": "order.recv", "pk": 734, "fields": {"recv_code": "B1", "recv_addr": "\u6cb3\u5357\u5927\u5ba2\u6237\u9ec4\u708e\u7acb\u90d1\u5dde\u603b\u4ed3", "is_watch": false, "status": "normal"}}, {"model": "order.recv", "pk": 735, "fields": {"recv_code": "B2", "recv_addr": "\u6cb3\u5357\u5b89\u9633\u674e\u8273\u5a1c\u4e39\u5c3c\u65af\u5e97", "is_watch": false, "status": "normal"}}, {"model": "order.recv", "pk": 736, "fields": {"recv_code": "B4", "recv_addr": "\u6cb3\u5317\u5510\u5c71\u97e9\u51b0\u4e07\u8fbe\u5e97", "is_watch": false, "status": "normal"}}, {"model": "order.recv", "pk": 737, "fields": {"recv_code": "B5", "recv_addr": "\u5c71\u4e1c\u5fb7\u5dde\u6768\u8f76\u5a77\u4e07\u8fbe\u5e97", "is_watch": false, "status": "normal"}}, {"model": "order.recv", "pk": 738, "fields": {"recv_code": "B6", "recv_addr": "\u5609\u5cea\u5173\u5929\u6210\u516c\u53f8\u5e7f\u573a\u5e97", "is_watch": false, "status": "normal"}}, {"model": "order.recv", "pk": 739, "fields": {"recv_code": "B7", "recv_addr": "\u56db\u5ddd\u5f6d\u5dde\u674e\u4e39\u6c83\u5c14\u739b\u5e97", "is_watch": false, "status": "normal"}}, {"model": "order.recv", "pk": 740, "fields": {"recv_code": "B8", "recv_addr": "\u5b9d\u9e21\u5929\u4fea\u5546\u8d38\u94f6\u6cf0\u5e97", "is_watch": false, "status": "normal"}}, {"model": "order.recv", "pk": 741, "fields": {"recv_code": "B9", "recv_addr": "\u8fbd\u5b81\u5927\u8fde\u5b59\u6676\u8f89\u5e84\u6cb3\u4e07\u8fbe\u5e97", "is_watch": false, "status": "normal"}}, {"model": "order.recv", "pk": 742, "fields": {"recv_code": "BA", "recv_addr": "\u9526\u5dde\u5353\u7136\u5546\u8d38\u9526\u5dde\u4e07\u8fbe\u5e97", "is_watch": false, "status": "normal"}}, {"model": "order.recv", "pk": 743, "fields": {"recv_code": "BB", "recv_addr": "\u6cb3\u5357\u9ec4\u708e\u7acb\u90d1\u5dde\u4e2d\u539f\u4e39\u5c3c\u65af\u5e97", "is_watch": false, "status": "normal"}}, {"model": "order.recv", "pk": 744, "fields": {"recv_code": "BC", "recv_addr": "\u5185\u8499\u9521\u6797\u6d69\u7279\u6d77\u4e3d\u82cf\u7ef4\u591a\u5229\u5e97", "is_watch": false, "status": "normal"}}, {"model": "order.recv", "pk": 745, "fields": {"recv_code": "BD", "recv_addr": "\u8fbd\u5b81\u5927\u8fde\u91d1\u5dde\u9ea6\u51ef\u4e50\u5e97", "is_watch": false, "status": "normal"}}, {"model": "order.recv", "pk": 746, "fields": {"recv_code": "BE", "recv_addr": "\u6c5f\u82cf\u6606\u5c71\u5f20\u5f81", "is_watch": false, "status": "normal"}}, {"model": "order.recv", "pk": 747, "fields": {"recv_code": "BF", "recv_addr": "\u6cb3\u5357\u9ec4\u708e\u7acb\u5357\u9633\u8c6a\u76db\u767e\u8d27\u5e97", "is_watch": false, "status": "normal"}}, {"model": "order.recv", "pk": 748, "fields": {"recv_code": "BG", "recv_addr": "\u6d59\u6c5f\u7ecd\u5174\u6c88\u98de\u71d5\u67ef\u6865\u4e07\u8fbe\u5e97", "is_watch": false, "status": "normal"}}, {"model": "order.recv", "pk": 749, "fields": {"recv_code": "BH", "recv_addr": "\u8fbd\u5b81\u6c88\u9633\u7b26\u58ee\u94c1\u897f\u4e07\u8c61\u6c47\u5e97", "is_watch": false, "status": "normal"}}, {"model": "order.recv", "pk": 750, "fields": {"recv_code": "BI", "recv_addr": "\u8fbd\u5b81\u846b\u82a6\u5c9b\u8096\u4e3d\u5a1c\u534e\u8054\u5546\u53a6\u5e97", "is_watch": false, "status": "normal"}}, {"model": "order.recv", "pk": 751, "fields": {"recv_code": "BJ", "recv_addr": "\u5c71\u897f\u5927\u540c\u738b\u4e0e\u7f61\u4e07\u8fbe\u5e97", "is_watch": false, "status": "normal"}}, {"model": "order.recv", "pk": 752, "fields": {"recv_code": "BK", "recv_addr": "\u6cb3\u5357\u9ec4\u708e\u7acb\u5357\u9633\u91d1\u9a6c\u7279\u5e97", "is_watch": false, "status": "normal"}}, {"model": "order.recv", "pk": 753, "fields": {"recv_code": "BL", "recv_addr": "\u6cb3\u5357\u6d1b\u9633\u82d7\u71d5\u6cc9\u821c\u5e97", "is_watch": false, "status": "normal"}}, {"model": "order.recv", "pk": 754, "fields": {"recv_code": "BM", "recv_addr": "\u6cb3\u5357\u9ec4\u708e\u7acb\u65b0\u4e61\u4e07\u8fbe\u5e97", "is_watch": false, "status": "normal"}}, {"model": "order.recv", "pk": 755, "fields": {"recv_code": "BN", "recv_addr": "\u6cb3\u5357\u5e73\u9876\u5c71\u5218\u51b0\u4e07\u8fbe\u5e97", "is_watch": false, "status": "normal"}}, {"model": "order.recv", "pk": 756, "fields": {"recv_code": "BO", "recv_addr": "\u4e91\u5357\u662d\u901a\u5468\u5fd7\u5a1f\u8d22\u5bcc\u4e2d\u5fc3\u5e97", "is_watch": false, "status": "normal"}}, {"model": "order.recv", "pk": 757, "fields": {"recv_code": "BP", "recv_addr": "\u9655\u897f\u897f\u5b89\u9ad8\u65b0\u4e07\u8fbe\u5e97", "is_watch": false, "status": "normal"}}, {"model": "order.recv", "pk": 758, "fields": {"recv_code": "BQ", "recv_addr": "\u6c5f\u82cf\u82cf\u5dde\u90b9\u822a\u822a\u60a0\u65b9\u5e97", "is_watch": false, "status": "normal"}}, {"model": "order.recv", "pk": 759, "fields": {"recv_code": "BR", "recv_addr": "\u5c71\u4e1c\u9752\u5c9b\u6768\u8f76\u5a77\u51ef\u5fb7\u5e97", "is_watch": false, "status": "normal"}}, {"model": "order.recv", "pk": 760, "fields": {"recv_code": "BS", "recv_addr": "\u6cb3\u5357\u9ec4\u708e\u7acb\u5468\u53e3\u4e07\u987a\u8fbe\u6cf0\u548c\u57ce\u5e97", "is_watch": false, "status": "normal"}}, {"model": "order.recv", "pk": 761, "fields": {"recv_code": "BT", "recv_addr": "\u9655\u897f\u897f\u5b89\u6c11\u4e50\u56ed\u4e07\u8fbe\u5e97", "is_watch": false, "status": "normal"}}, {"model": "order.recv", "pk": 762, "fields": {"recv_code": "BU", "recv_addr": "\u5c71\u897f\u5927\u540c\u738b\u4e0e\u7f61\u5927\u540c\u7231\u7434\u6d77\u8d2d\u7269\u4e2d\u5fc3", "is_watch": false, "status": "normal"}}, {"model": "order.recv", "pk": 763, "fields": {"recv_code": "BV", "recv_addr": "\u5317\u4eac\u5168\u8272\u5f69\u5929\u6d25\u6ee8\u6d77\u4e07\u8fbe\u5e97", "is_watch": false, "status": "normal"}}, {"model": "order.recv", "pk": 764, "fields": {"recv_code": "BW", "recv_addr": "\u8fbd\u5b81\u6c88\u9633\u5927\u60a6\u57ceA\u9986\u5e97", "is_watch": false, "status": "normal"}}, {"model": "order.recv", "pk": 765, "fields": {"recv_code": "BX", "recv_addr": "\u8fbd\u5b81\u6c88\u9633\u5927\u60a6\u57ceC\u9986\u5e97", "is_watch": false, "status": "normal"}}, {"model": "order.recv", "pk": 766, "fields": {"recv_code": "BY", "recv_addr": "\u9655\u897f\u5ef6\u5b89\u5218\u5b8f\u6797", "is_watch": false, "status": "normal"}}, {"model": "order.recv", "pk": 767, "fields": {"recv_code": "BZ", "recv_addr": "\u5c71\u897f\u592a\u539f\u4faf\u8d85\u51e4\u534e\u5b87\u767e\u82b1\u8c37\u5e97", "is_watch": false, "status": "normal"}}, {"model": "order.recv", "pk": 768, "fields": {"recv_code": "C0", "recv_addr": "\u9655\u897f\u897f\u5b89\u9f99\u9996\u5370\u8c61\u57ce\u5e97", "is_watch": false, "status": "normal"}}, {"model": "order.recv", "pk": 769, "fields": {"recv_code": "C1", "recv_addr": "\u8fbd\u5b81\u9526\u5dde\u5927\u5546\u9526\u7ee3\u524d\u7a0b\u5546\u57ce\u9526\u5dde\u5353\u7136\u5546\u8d38", "is_watch": false, "status": "normal"}}, {"model": "order.recv", "pk": 770, "fields": {"recv_code": "C2", "recv_addr": "\u5c71\u897f\u592a\u539f\u9a6c\u5229\u82ac\u8302\u4e1a\u5929\u5730\u5e97", "is_watch": false, "status": "normal"}}, {"model": "order.recv", "pk": 771, "fields": {"recv_code": "C3", "recv_addr": "\u8fbd\u5b81\u5927\u8fde\u738b\u7acb\u6676\u7f57\u65af\u798f\u5e7f\u573a\u5e97", "is_watch": false, "status": "normal"}}, {"model": "order.recv", "pk": 772, "fields": {"recv_code": "C4", "recv_addr": "\u6ee8\u5dde\u4e30\u6da6\u5408\u5546\u8d38\u6709\u9650\u516c\u53f8\u6dc4\u535a\u5e97", "is_watch": false, "status": "normal"}}, {"model": "order.recv", "pk": 773, "fields": {"recv_code": "C5", "recv_addr": "\u5409\u6797\u957f\u6625\u7ea2\u65d7\u8857\u4e07\u8fbe\u5e97", "is_watch": false, "status": "normal"}}, {"model": "order.recv", "pk": 774, "fields": {"recv_code": "C6", "recv_addr": "\u8fbd\u5b81\u671d\u9633\u674e\u8d3a\u5174\u9686\u5927\u5bb6\u5ead\u5e97", "is_watch": false, "status": "normal"}}, {"model": "order.recv", "pk": 775, "fields": {"recv_code": "C7", "recv_addr": "\u9655\u897f\u897f\u5b89\u4e09\u6865\u4e07\u8c61\u57ce\u5e97", "is_watch": false, "status": "normal"}}, {"model": "order.stockbatch", "pk": 1, "fields": {"stock_batch_id": "n1ni16vt", "recv_code": "02", "create_time": 1530342482, "status": "normal", "create_user": 2}}, {"model": "order.stockbatch", "pk": 2, "fields": {"stock_batch_id": "k123456", "recv_code": "02", "create_time": 1530342482, "status": "normal", "create_user": 1}}, {"model": "order.stockbatch", "pk": 3, "fields": {"stock_batch_id": "k123456", "recv_code": "02", "create_time": 1530342885, "status": "normal", "create_user": 1}}, {"model": "order.stockbatch", "pk": 4, "fields": {"stock_batch_id": "62tfp8xf", "recv_code": "02", "create_time": 1530342885, "status": "normal", "create_user": 2}}, {"model": "order.stockbatch", "pk": 5, "fields": {"stock_batch_id": "cquvtoy3", "recv_code": "02", "create_time": 1530342998, "status": "normal", "create_user": 2}}, {"model": "order.stockbatch", "pk": 6, "fields": {"stock_batch_id": "bektar1n", "recv_code": "02", "create_time": 1530343135, "status": "normal", "create_user": 2}}, {"model": "order.stockbatch", "pk": 7, "fields": {"stock_batch_id": "ul8imzus", "recv_code": "02", "create_time": 1530343135, "status": "normal", "create_user": 2}}, {"model": "order.stockbatch", "pk": 8, "fields": {"stock_batch_id": "u3m4kxhe", "recv_code": "02", "create_time": 1530343135, "status": "normal", "create_user": 2}}, {"model": "order.stockbatch", "pk": 9, "fields": {"stock_batch_id": "9fanqmgp", "recv_code": "02", "create_time": 1530343135, "status": "normal", "create_user": 2}}, {"model": "order.stockbatch", "pk": 10, "fields": {"stock_batch_id": "tjuvhizr", "recv_code": "08", "create_time": 1530343135, "status": "normal", "create_user": 2}}, {"model": "order.stockbatch", "pk": 11, "fields": {"stock_batch_id": "ezvvxqpc", "recv_code": "08", "create_time": 1530343497, "status": "normal", "create_user": 2}}, {"model": "order.stockbatch", "pk": 13, "fields": {"stock_batch_id": "111111", "recv_code": "C7", "create_time": 1530343954, "status": "normal", "create_user": 1}}, {"model": "order.stockbatch", "pk": 14, "fields": {"stock_batch_id": "yrvbxjkz", "recv_code": "13", "create_time": 1530348623, "status": "normal", "create_user": 15}}, {"model": "order.stockbatch", "pk": 15, "fields": {"stock_batch_id": "4ymq7q8x", "recv_code": "02", "create_time": 1530348623, "status": "normal", "create_user": 16}}, {"model": "order.stockbatch", "pk": 16, "fields": {"stock_batch_id": "b79ouh8j", "recv_code": "08", "create_time": 1530348623, "status": "normal", "create_user": 15}}, {"model": "order.stockbatch", "pk": 17, "fields": {"stock_batch_id": "f7xq3qye", "recv_code": "08", "create_time": 1530348623, "status": "normal", "create_user": 15}}, {"model": "order.stockbatch", "pk": 18, "fields": {"stock_batch_id": "k123123", "recv_code": "02", "create_time": 1530350613, "status": "normal", "create_user": 1}}, {"model": "order.stockbatch", "pk": 19, "fields": {"stock_batch_id": "k1111111", "recv_code": "02", "create_time": 1530350613, "status": "normal", "create_user": 1}}, {"model": "order.stockbatch", "pk": 20, "fields": {"stock_batch_id": "k111111", "recv_code": "02", "create_time": 1530350613, "status": "normal", "create_user": 1}}, {"model": "order.stockbatch", "pk": 21, "fields": {"stock_batch_id": "sfdfsfdfs", "recv_code": "02", "create_time": 1530350613, "status": "normal", "create_user": 1}}, {"model": "order.stockbatch", "pk": 22, "fields": {"stock_batch_id": "123456", "recv_code": "C7", "create_time": 1530350613, "status": "normal", "create_user": 1}}, {"model": "order.stockbatch", "pk": 23, "fields": {"stock_batch_id": "e0qgyim3", "recv_code": "02", "create_time": 1530352089, "status": "normal", "create_user": 15}}, {"model": "order.stockbatch", "pk": 24, "fields": {"stock_batch_id": "zweim7r0", "recv_code": "02", "create_time": 1530352089, "status": "normal", "create_user": 15}}, {"model": "order.stockbatch", "pk": 25, "fields": {"stock_batch_id": "kkkkkkk", "recv_code": "02", "create_time": 1530352089, "status": "normal", "create_user": 1}}, {"model": "order.stockbatch", "pk": 26, "fields": {"stock_batch_id": "qqqqqq", "recv_code": "02", "create_time": 1530354794, "status": "normal", "create_user": 1}}, {"model": "order.stockbatch", "pk": 27, "fields": {"stock_batch_id": "x8h5g0ig", "recv_code": "02", "create_time": 1530359133, "status": "normal", "create_user": 15}}, {"model": "order.stockbatch", "pk": 28, "fields": {"stock_batch_id": "rzlzyudc", "recv_code": "02", "create_time": 1530359954, "status": "normal", "create_user": 15}}, {"model": "order.stockbatch", "pk": 29, "fields": {"stock_batch_id": "zoc3orm6", "recv_code": "02", "create_time": 1530360556, "status": "normal", "create_user": 15}}, {"model": "order.stockbatch", "pk": 30, "fields": {"stock_batch_id": "ej3c4c2d", "recv_code": "08", "create_time": 1530362521, "status": "normal", "create_user": 15}}, {"model": "order.stockbatch", "pk": 31, "fields": {"stock_batch_id": "cupa2lbu", "recv_code": "08", "create_time": 1530362521, "status": "normal", "create_user": 15}}, {"model": "order.stockbatch", "pk": 32, "fields": {"stock_batch_id": "dada's", "recv_code": "02", "create_time": 1530362831, "status": "normal", "create_user": 1}}, {"model": "order.stockbatch", "pk": 33, "fields": {"stock_batch_id": "kz9gh6s1", "recv_code": "12", "create_time": 1530412324, "status": "normal", "create_user": 15}}, {"model": "order.stockbatch", "pk": 34, "fields": {"stock_batch_id": "edgjzch1", "recv_code": "02", "create_time": 1530412347, "status": "normal", "create_user": 15}}, {"model": "order.stockbatch", "pk": 35, "fields": {"stock_batch_id": "y59a022n", "recv_code": "02", "create_time": 1530508079, "status": "normal", "create_user": 15}}, {"model": "order.stockbatch", "pk": 36, "fields": {"stock_batch_id": "3zzp7o2d", "recv_code": "33", "create_time": 1530508140, "status": "normal", "create_user": 15}}, {"model": "order.stockbatch", "pk": 37, "fields": {"stock_batch_id": "cxd5jjvu", "recv_code": "02", "create_time": 1530676012, "status": "normal", "create_user": 15}}, {"model": "order.stockbatch", "pk": 38, "fields": {"stock_batch_id": "hdyee3nu", "recv_code": "08", "create_time": 1530687430, "status": "normal", "create_user": 15}}, {"model": "order.stockbatch", "pk": 39, "fields": {"stock_batch_id": "t6zdoh05", "recv_code": "08", "create_time": 1531894485, "status": "normal", "create_user": 15}}, {"model": "order.stockbatch", "pk": 40, "fields": {"stock_batch_id": "0cbde52a", "recv_code": "08", "create_time": 1531894505, "status": "normal", "create_user": 15}}, {"model": "order.stockbatchcount", "pk": 1, "fields": {"stock_batch_id": "n1ni16vt", "item_barcode": "123123", "item_count": 1}}, {"model": "order.stockbatchcount", "pk": 2, "fields": {"stock_batch_id": "k123456", "item_barcode": "123123", "item_count": 2}}, {"model": "order.stockbatchcount", "pk": 3, "fields": {"stock_batch_id": "62tfp8xf", "item_barcode": "123456", "item_count": 1}}, {"model": "order.stockbatchcount", "pk": 4, "fields": {"stock_batch_id": "cquvtoy3", "item_barcode": "123456", "item_count": 1}}, {"model": "order.stockbatchcount", "pk": 5, "fields": {"stock_batch_id": "bektar1n", "item_barcode": "123123", "item_count": 1}}, {"model": "order.stockbatchcount", "pk": 6, "fields": {"stock_batch_id": "ul8imzus", "item_barcode": "123123", "item_count": 1}}, {"model": "order.stockbatchcount", "pk": 7, "fields": {"stock_batch_id": "u3m4kxhe", "item_barcode": "123123", "item_count": 1}}, {"model": "order.stockbatchcount", "pk": 8, "fields": {"stock_batch_id": "9fanqmgp", "item_barcode": "123123", "item_count": 1}}, {"model": "order.stockbatchcount", "pk": 9, "fields": {"stock_batch_id": "tjuvhizr", "item_barcode": "123123", "item_count": 1}}, {"model": "order.stockbatchcount", "pk": 10, "fields": {"stock_batch_id": "ezvvxqpc", "item_barcode": "123456", "item_count": 1}}, {"model": "order.stockbatchcount", "pk": 12, "fields": {"stock_batch_id": "111111", "item_barcode": "123123", "item_count": 2}}, {"model": "order.stockbatchcount", "pk": 13, "fields": {"stock_batch_id": "yrvbxjkz", "item_barcode": "123123", "item_count": 1}}, {"model": "order.stockbatchcount", "pk": 14, "fields": {"stock_batch_id": "4ymq7q8x", "item_barcode": "123123", "item_count": 1}}, {"model": "order.stockbatchcount", "pk": 15, "fields": {"stock_batch_id": "b79ouh8j", "item_barcode": "123123", "item_count": 1}}, {"model": "order.stockbatchcount", "pk": 16, "fields": {"stock_batch_id": "f7xq3qye", "item_barcode": "123123", "item_count": 1}}, {"model": "order.stockbatchcount", "pk": 17, "fields": {"stock_batch_id": "k123123", "item_barcode": "123123", "item_count": 2}}, {"model": "order.stockbatchcount", "pk": 18, "fields": {"stock_batch_id": "k1111111", "item_barcode": "123123", "item_count": 4}}, {"model": "order.stockbatchcount", "pk": 19, "fields": {"stock_batch_id": "k111111", "item_barcode": "123123", "item_count": 1}}, {"model": "order.stockbatchcount", "pk": 20, "fields": {"stock_batch_id": "k111111", "item_barcode": "123456", "item_count": 1}}, {"model": "order.stockbatchcount", "pk": 21, "fields": {"stock_batch_id": "sfdfsfdfs", "item_barcode": "123123", "item_count": 1}}, {"model": "order.stockbatchcount", "pk": 22, "fields": {"stock_batch_id": "sfdfsfdfs", "item_barcode": "123456", "item_count": 1}}, {"model": "order.stockbatchcount", "pk": 23, "fields": {"stock_batch_id": "123456", "item_barcode": "123123", "item_count": 1}}, {"model": "order.stockbatchcount", "pk": 24, "fields": {"stock_batch_id": "e0qgyim3", "item_barcode": "123123", "item_count": 1}}, {"model": "order.stockbatchcount", "pk": 25, "fields": {"stock_batch_id": "zweim7r0", "item_barcode": "123123", "item_count": 1}}, {"model": "order.stockbatchcount", "pk": 26, "fields": {"stock_batch_id": "kkkkkkk", "item_barcode": "123123", "item_count": 1}}, {"model": "order.stockbatchcount", "pk": 27, "fields": {"stock_batch_id": "kkkkkkk", "item_barcode": "123456", "item_count": 1}}, {"model": "order.stockbatchcount", "pk": 28, "fields": {"stock_batch_id": "qqqqqq", "item_barcode": "123123", "item_count": 1}}, {"model": "order.stockbatchcount", "pk": 29, "fields": {"stock_batch_id": "x8h5g0ig", "item_barcode": "123123", "item_count": 1}}, {"model": "order.stockbatchcount", "pk": 30, "fields": {"stock_batch_id": "x8h5g0ig", "item_barcode": "123456", "item_count": 0}}, {"model": "order.stockbatchcount", "pk": 31, "fields": {"stock_batch_id": "rzlzyudc", "item_barcode": "123123", "item_count": 1}}, {"model": "order.stockbatchcount", "pk": 32, "fields": {"stock_batch_id": "rzlzyudc", "item_barcode": "123456", "item_count": 0}}, {"model": "order.stockbatchcount", "pk": 33, "fields": {"stock_batch_id": "zoc3orm6", "item_barcode": "123123", "item_count": 1}}, {"model": "order.stockbatchcount", "pk": 34, "fields": {"stock_batch_id": "zoc3orm6", "item_barcode": "123456", "item_count": 1}}, {"model": "order.stockbatchcount", "pk": 35, "fields": {"stock_batch_id": "ej3c4c2d", "item_barcode": "123123", "item_count": 3}}, {"model": "order.stockbatchcount", "pk": 36, "fields": {"stock_batch_id": "cupa2lbu", "item_barcode": "123123", "item_count": 3}}, {"model": "order.stockbatchcount", "pk": 37, "fields": {"stock_batch_id": "dada's", "item_barcode": "123123", "item_count": 2}}, {"model": "order.stockbatchcount", "pk": 38, "fields": {"stock_batch_id": "dada's", "item_barcode": "123456", "item_count": 1}}, {"model": "order.stockbatchcount", "pk": 39, "fields": {"stock_batch_id": "kz9gh6s1", "item_barcode": "123123", "item_count": 3}}, {"model": "order.stockbatchcount", "pk": 40, "fields": {"stock_batch_id": "edgjzch1", "item_barcode": "123123", "item_count": 3}}, {"model": "order.stockbatchcount", "pk": 41, "fields": {"stock_batch_id": "y59a022n", "item_barcode": "123123", "item_count": 1}}, {"model": "order.stockbatchcount", "pk": 42, "fields": {"stock_batch_id": "3zzp7o2d", "item_barcode": "123123", "item_count": 1}}, {"model": "order.stockbatchcount", "pk": 43, "fields": {"stock_batch_id": "cxd5jjvu", "item_barcode": "123123", "item_count": 1}}, {"model": "order.stockbatchcount", "pk": 44, "fields": {"stock_batch_id": "hdyee3nu", "item_barcode": "123124", "item_count": 2}}, {"model": "order.stockbatchcount", "pk": 45, "fields": {"stock_batch_id": "hdyee3nu", "item_barcode": "123125", "item_count": 1}}, {"model": "order.stockbatchcount", "pk": 46, "fields": {"stock_batch_id": "t6zdoh05", "item_barcode": "123456", "item_count": 1}}, {"model": "order.stockbatchcount", "pk": 47, "fields": {"stock_batch_id": "0cbde52a", "item_barcode": "123123", "item_count": 2}}, {"model": "order.itemqrcode", "pk": 1, "fields": {"qr_code": "U12345678", "stock_batch_count_id": 4, "status": "normal", "create_user": 2}}, {"model": "order.itemqrcode", "pk": 2, "fields": {"qr_code": "U12345678", "stock_batch_count_id": 5, "status": "normal", "create_user": 2}}, {"model": "order.itemqrcode", "pk": 3, "fields": {"qr_code": "U12345678", "stock_batch_count_id": 6, "status": "normal", "create_user": 2}}, {"model": "order.itemqrcode", "pk": 4, "fields": {"qr_code": "U12345678", "stock_batch_count_id": 7, "status": "normal", "create_user": 2}}, {"model": "order.itemqrcode", "pk": 5, "fields": {"qr_code": "U12345679", "stock_batch_count_id": 8, "status": "normal", "create_user": 2}}, {"model": "order.itemqrcode", "pk": 6, "fields": {"qr_code": "U12345679", "stock_batch_count_id": 9, "status": "normal", "create_user": 2}}, {"model": "order.itemqrcode", "pk": 7, "fields": {"qr_code": "U12345679", "stock_batch_count_id": 10, "status": "normal", "create_user": 2}}, {"model": "order.itemqrcode", "pk": 8, "fields": {"qr_code": "U12345672", "stock_batch_count_id": 12, "status": "normal", "create_user": 1}}, {"model": "order.itemqrcode", "pk": 9, "fields": {"qr_code": "U12345671", "stock_batch_count_id": 12, "status": "normal", "create_user": 1}}, {"model": "order.itemqrcode", "pk": 10, "fields": {"qr_code": "U12345679", "stock_batch_count_id": 13, "status": "normal", "create_user": 15}}, {"model": "order.itemqrcode", "pk": 11, "fields": {"qr_code": "U12378945", "stock_batch_count_id": 14, "status": "normal", "create_user": 16}}, {"model": "order.itemqrcode", "pk": 12, "fields": {"qr_code": "U12378945", "stock_batch_count_id": 15, "status": "normal", "create_user": 15}}, {"model": "order.itemqrcode", "pk": 13, "fields": {"qr_code": "U12378945", "stock_batch_count_id": 16, "status": "normal", "create_user": 15}}, {"model": "order.itemqrcode", "pk": 14, "fields": {"qr_code": "U12312312", "stock_batch_count_id": 17, "status": "normal", "create_user": 1}}, {"model": "order.itemqrcode", "pk": 15, "fields": {"qr_code": "U12345671", "stock_batch_count_id": 17, "status": "normal", "create_user": 1}}, {"model": "order.itemqrcode", "pk": 16, "fields": {"qr_code": "U12345671", "stock_batch_count_id": 18, "status": "normal", "create_user": 1}}, {"model": "order.itemqrcode", "pk": 17, "fields": {"qr_code": "U12345672", "stock_batch_count_id": 18, "status": "normal", "create_user": 1}}, {"model": "order.itemqrcode", "pk": 18, "fields": {"qr_code": "U12345673", "stock_batch_count_id": 18, "status": "normal", "create_user": 1}}, {"model": "order.itemqrcode", "pk": 19, "fields": {"qr_code": "U12345674", "stock_batch_count_id": 18, "status": "normal", "create_user": 1}}, {"model": "order.itemqrcode", "pk": 20, "fields": {"qr_code": "U12345674", "stock_batch_count_id": 23, "status": "normal", "create_user": 1}}, {"model": "order.itemqrcode", "pk": 21, "fields": {"qr_code": "U12345678", "stock_batch_count_id": 24, "status": "normal", "create_user": 15}}, {"model": "order.itemqrcode", "pk": 22, "fields": {"qr_code": "U12345679", "stock_batch_count_id": 25, "status": "normal", "create_user": 15}}, {"model": "order.itemqrcode", "pk": 23, "fields": {"qr_code": "U12345678", "stock_batch_count_id": 29, "status": "normal", "create_user": 15}}, {"model": "order.itemqrcode", "pk": 24, "fields": {"qr_code": "U12345678", "stock_batch_count_id": 31, "status": "normal", "create_user": 15}}, {"model": "order.itemqrcode", "pk": 25, "fields": {"qr_code": "U12378945", "stock_batch_count_id": 33, "status": "normal", "create_user": 15}}, {"model": "order.itemqrcode", "pk": 26, "fields": {"qr_code": "U12345678", "stock_batch_count_id": 34, "status": "normal", "create_user": 15}}, {"model": "order.itemqrcode", "pk": 27, "fields": {"qr_code": "U12345679", "stock_batch_count_id": 35, "status": "normal", "create_user": 15}}, {"model": "order.itemqrcode", "pk": 28, "fields": {"qr_code": "U12378945", "stock_batch_count_id": 35, "status": "normal", "create_user": 15}}, {"model": "order.itemqrcode", "pk": 29, "fields": {"qr_code": "U12345678", "stock_batch_count_id": 35, "status": "normal", "create_user": 15}}, {"model": "order.itemqrcode", "pk": 30, "fields": {"qr_code": "U12345679", "stock_batch_count_id": 36, "status": "normal", "create_user": 15}}, {"model": "order.itemqrcode", "pk": 31, "fields": {"qr_code": "U12378945", "stock_batch_count_id": 36, "status": "normal", "create_user": 15}}, {"model": "order.itemqrcode", "pk": 32, "fields": {"qr_code": "U12345678", "stock_batch_count_id": 36, "status": "normal", "create_user": 15}}, {"model": "order.itemqrcode", "pk": 33, "fields": {"qr_code": "U12378945", "stock_batch_count_id": 39, "status": "normal", "create_user": 15}}, {"model": "order.itemqrcode", "pk": 34, "fields": {"qr_code": "U12345679", "stock_batch_count_id": 39, "status": "normal", "create_user": 15}}, {"model": "order.itemqrcode", "pk": 35, "fields": {"qr_code": "U12345678", "stock_batch_count_id": 39, "status": "normal", "create_user": 15}}, {"model": "order.itemqrcode", "pk": 36, "fields": {"qr_code": "U12378945", "stock_batch_count_id": 40, "status": "normal", "create_user": 15}}, {"model": "order.itemqrcode", "pk": 37, "fields": {"qr_code": "U12345679", "stock_batch_count_id": 40, "status": "normal", "create_user": 15}}, {"model": "order.itemqrcode", "pk": 38, "fields": {"qr_code": "U12345678", "stock_batch_count_id": 40, "status": "normal", "create_user": 15}}, {"model": "order.itemqrcode", "pk": 39, "fields": {"qr_code": "U12378945", "stock_batch_count_id": 41, "status": "normal", "create_user": 15}}, {"model": "order.itemqrcode", "pk": 40, "fields": {"qr_code": "U12345679", "stock_batch_count_id": 42, "status": "normal", "create_user": 15}}, {"model": "order.itemqrcode", "pk": 41, "fields": {"qr_code": "U12345678", "stock_batch_count_id": 43, "status": "normal", "create_user": 15}}, {"model": "order.itemqrcode", "pk": 42, "fields": {"qr_code": "U12345678", "stock_batch_count_id": 44, "status": "normal", "create_user": 15}}, {"model": "order.itemqrcode", "pk": 43, "fields": {"qr_code": "U12345679", "stock_batch_count_id": 44, "status": "normal", "create_user": 15}}, {"model": "order.itemqrcode", "pk": 44, "fields": {"qr_code": "U12378945", "stock_batch_count_id": 45, "status": "normal", "create_user": 15}}, {"model": "order.itemqrcode", "pk": 45, "fields": {"qr_code": "U12378945", "stock_batch_count_id": 46, "status": "normal", "create_user": 15}}, {"model": "order.itemqrcode", "pk": 46, "fields": {"qr_code": "U12345678", "stock_batch_count_id": 47, "status": "normal", "create_user": 15}}, {"model": "order.itemqrcode", "pk": 47, "fields": {"qr_code": "U12378945", "stock_batch_count_id": 47, "status": "normal", "create_user": 15}}]